,file_name,wordsize,logic_vars,emb_max_time,emb_min_time,emb_median_time,emb_avg_time,emb_max_chain,emb_min_chain,emb_median_chain,emb_avg_chain,emb_max_vars,emb_min_vars,emb_median_vars,emb_avg_vars,topology
0,u.btor2,32,348,23.2,0.87,5.41,8.29,31,1,2.0,3.18,1201,998,1110.0,1106.0,chimera
1,u.btor2,64,398,26.77,2.43,9.45,12.16,29,1,2.0,2.83,1203,1052,1126.0,1124.9,chimera
2,u.btor2,32,348,4.44,1.87,3.08,3.12,11,1,1.0,1.69,628,555,584.5,588.6,pegasus
3,u.btor2,64,398,7.82,3.89,4.87,5.29,12,1,1.0,1.7,711,652,680.5,677.0,pegasus
